Prey_Item,%Occ,%Abd,PSA
Diptera,92.64705882,70.25106585,41.3553
Ephemeroptera,80.88235294,3.173851255,17.5
Trichoptera,44.11764706,44.00757935,3.46
Blephariceridae,13.23529412,0.189483657,11.11
Chironomidae,82.35294118,26.66982473,26.28
Simuliidae,48.52941176,21.79062056,16.55
Tipulidae,45.58823529,3.031738513,2.69
