Prey_Item,%Occ,%Abd,PSA
Diptera,63.34,50.59760956,39.08
Ephemeroptera,76.67,35.85657371,29.5
Trichoptera,43.33,13.94422311,19.4
Chironomidae,60,39.44223108,30.65
Simuliidae,20,2.788844622,5.15
Tipulidae,30,7.96812749,11.24
